{"simulation":{"i":56,"selection":[{"x":7,"y":8,"z":0},{"x":14,"y":8,"z":0},{"x":14,"y":14,"z":0},{"x":7,"y":14,"z":0}],"palette":{"fileName":"TIS.pal","classes":[{"i":0,"start":0,"end":1,"color":[255,255,255]},{"i":1,"start":1,"end":2,"color":[0,0,255]},{"i":2,"start":2,"end":3,"color":[255,0,0]},{"i":3,"start":3,"end":4,"color":[255,255,0]},{"i":4,"start":4,"end":5,"color":[0,0,0]}]}},"dashboard":[{"name":"Auto.Grid","config":{"z":0},"span":1},{"name":"Auto.CellTrackChart","config":{"type":"continuous"},"span":3}],"settings":{"fps":10,"rowHeight":400,"loop":true,"showGrid":false,"cache":10},"control":{"collapsed":false}}