{"simulation":{"i":4,"selection":[{"x":14,"y":14,"z":0},{"x":2,"y":2,"z":0}],"palette":{"classes":[{"i":0,"start":-0.5,"end":0.5,"color":[0,0,0]},{"i":1,"start":5.5,"end":10.5,"color":[36,21,223]},{"i":2,"start":10.5,"end":100,"color":[108,247,49]},{"i":3,"start":0.5,"end":3.5,"color":[209,33,37]},{"i":4,"start":3.5,"end":5.5,"color":[155,38,234]}]}},"dashboard":[{"name":"Auto.Grid","config":{"z":0},"span":1},{"name":"Auto.CellTrackChart","config":{"type":"discrete"},"span":3}],"settings":{"fps":10,"rowHeight":400,"loop":true,"showGrid":false,"cache":10},"control":{"collapsed":false}}