{
	"simulation": {
		"i": 4,
		"selection": [{
				"x": 14,
				"y": 14,
				"z": 0
			}, {
				"x": 2,
				"y": 2,
				"z": 0
			}
		],
		"palette": {
			"classes": [{
					"i": 0,
					"start": -0.5,
					"end": 0.5,
					"color": [0, 0, 0]
				}, {
					"i": 1,
					"start": 5.5,
					"end": 10.5,
					"color": [36, 21, 223]
				}, {
					"i": 2,
					"start": 10.5,
					"end": 100,
					"color": [108, 247, 49]
				}, {
					"i": 3,
					"start": 0.5,
					"end": 3.5,
					"color": [209, 33, 37]
				}, {
					"i": 4,
					"start": 3.5,
					"end": 5.5,
					"color": [155, 38, 234]
				}
			]
		}
	},
	"dashboard": [{
			"name": "Auto.Grid",
			"config": {
				"z": 0
			},
			"span": 1
		}, {
			"name": "Auto.CellTrackChart",
			"config": {
				"type": "discrete"
			},
			"span": 3
		}, {
			"name": "Auto.DevsDiagram",
			"config": {
				"file": "<svg width='580' height='400' xmlns='http://www.w3.org/2000/svg'> <!-- Created with Method Draw - http://github.com/duopixel/Method-Draw/ --> <g>  <title>background</title>  <rect fill='#fff' id='canvas_background' height='402' width='582' y='-1' x='-1'/>  <g display='none' overflow='visible' y='0' x='0' height='100%' width='100%' id='canvasGrid'>   <rect fill='url(#gridpattern)' stroke-width='0' y='0' x='0' height='100%' width='100%'/>  </g> </g> <g>  <title>Layer 1</title>  <rect id='svg_1' height='52' width='110' y='53.05' x='59.5' stroke-width='1.5' stroke='#000' fill='#fff'/>  <rect id='svg_2' height='36' width='103' y='63.05' x='278.5' stroke-width='1.5' stroke='#000' fill='#fff'/>  <rect id='svg_3' height='37' width='99' y='157.05' x='171.5' stroke-width='1.5' stroke='#000' fill='#fff'/>  <rect id='svg_4' height='70' width='118' y='167.05' x='342.5' stroke-width='1.5' stroke='#000' fill='#fff'/>  <line stroke='#000' stroke-linecap='undefined' stroke-linejoin='undefined' id='svg_5' y2='78.05' x2='168.5' y1='82.05' x1='281.500002' stroke-width='1.5' fill='none'/>   </g></svg>"
			},
			"span": 1
		}
	],
	"settings": {
		"fps": 10,
		"rowHeight": 400,
		"loop": true,
		"showGrid": false,
		"cache": 10
	},
	"control": {
		"collapsed": false
	}
}
