{"simulation":{"i":551,"selection":[],"palette":{"classes":[{"i":0,"start":0.5,"end":50.5,"color":[72,155,11]},{"i":1,"start":50.5,"end":100.5,"color":[137,220,14]},{"i":2,"start":100.5,"end":150.5,"color":[238,241,124]},{"i":3,"start":200.5,"end":250.5,"color":[247,165,43]},{"i":4,"start":250.5,"end":300.5,"color":[243,83,5]},{"i":5,"start":300.5,"end":350.5,"color":[242,0,0]},{"i":6,"start":350.5,"end":400.5,"color":[179,0,0]},{"i":7,"start":400.5,"end":450.5,"color":[112,37,37]},{"i":8,"start":150.5,"end":200.5,"color":[221,196,15]},{"i":9,"start":-0.5,"end":0.5,"color":[255,255,255]}]}},"dashboard":[{"name":"Auto.Grid","config":{"z":0},"span":2},{"name":"Auto.TransitionMap","config":{"z":0,"min":"#ace9fd","max":"#9a1417","n":"10"},"span":2}],"settings":{"fps":50,"rowHeight":400,"loop":true,"showGrid":false,"cache":10},"control":{"collapsed":false}}